PRODUCTS ,PRICE AND DISCOUNTS,RATINGS
Echelon Connect Sport Indoor Cycling Exercise Bike with 90 Day Free United Membership ($105 Value) ,$497.00current price $497.00$599.00was $599.00,11444.5 out of 5 Stars. 1144 reviews
Tru Grit Rubber Hex Dumbbells ,From $17.97,544.6 out of 5 Stars. 54 reviews
PROGEAR 1300 Adjustable and Foldable 12 Position Heavy-Duty Weight Bench with an Extended 800lb Weight Capacity and Leg Hold Down ,$97.50current price $97.50$118.64was $118.64,2654.5 out of 5 Stars. 265 reviews
"Everyday EssentialsRS 60 Multifunctional Workout StationAdjustable Olympic Workout Bench with Squat Rack,Leg Extension, Preacher Curl, and Weight Storage, 800-Pound Capacity ",From $69.99,5414.2 out of 5 Stars. 541 reviews
"CAP Barbell High Density Interlocking Puzzle Mat, 1/2"" Thick EVA Foam Exercise Gym Flooring, Black, 6 Pieces, 20.78 Sq Ft ",$19.66current price $19.66,4074.4 out of 5 Stars. 407 reviews
"XPRT Fitness Heavy-duty Dumbbell Rack  Dumbbell Storage Rack, Holds up to 400 Lbs.  2 Tiers Rack, Ideal for 5-30 Lbs. Dumbbells  Compact Design, Ideal Home Gym Equipment ",$59.99current price $59.99,554.1 out of 5 Stars. 55 reviews
"Adjustable Workout Bench Multipurpose Home Gym Exercise Equipment, Black ",From $59.99,24.5 out of 5 Stars. 2 reviews
"Gold's Gym XRS 20 Adjustable Olympic Workout Bench with Squat Rack, Leg Extension, Preacher Curl, and Weight Storage ",From $169.00,17554.4 out of 5 Stars. 1755 reviews
"Fitness Ab Machine with LCD Display, Ab Workout Equipment for Home Gym, Height Adjustable ab Trainer, Foldable Fitness Equipment for Leg, Thighs and Buttocks Exerciser ",$99.92current price $99.92$333.07was $333.07,44 out of 5 Stars. 4 reviews
Fooing Fitness DIY Pulley Cable Machine System Biceps Triceps Arm Blaster Hand Strength Gym Equipment ,$23.99current price $23.99,133.8 out of 5 Stars. 13 reviews
Costway Gpolus 8-in-1 Multifunctional Squat Machine Deep Sissy Squat Home Gym Fitness Equipment ,$115.99current price $115.99$299.99was $299.99,304.8 out of 5 Stars. 30 reviews
"Resistance Bands Exercise Bands Workout Bands - Up to 150lb, Indoor/Outdoor Bands with Door Anchor & Handles for Strength, Slim, Yoga, Home Gym Equipment for Men/Women ",$19.99current price $19.99$29.99was $29.99,2314.9 out of 5 Stars. 231 reviews
Ab Roller Fitness Equipment Ab Workout Machine Abdominal Wheel Exercise Equipment Home Gym Core Training ,From $15.99,1714.9 out of 5 Stars. 171 reviews
"Weider Legacy Standard Bench and Rack, 410 Lb. Total Weight Capacity ",$89.00current price $89.00,674.2 out of 5 Stars. 67 reviews
Abdominal Trainer Weight Bench Sit up Bench Fitness Abdominal Exercise Equipment Ab Core Cruncher Home Gym Lifting Training Leg Exercise Workout Fitness Tool for Abdominal Muscles Build ,From $33.99,123.8 out of 5 Stars. 12 reviews
"The Power Wear Folding Electric Treadmill with LED Display and Cup Holder, Motorized Running Jogging Machine with 12 Preset Programs, Easy Assembly Fitness Exercise Equipment for Home Gym Office ",$210.99current price $210.99$316.99was $316.99+$150.00 shipping,54.2 out of 5 Stars. 5 reviews
"Dumbbells Weight Set 66Lbs, Adjustable Dumbbell Weights Exercise & Fitness Equipment for Women & Men Gym Home Strength Bodybuilding Training ",$55.99current price $55.99$83.98was $83.98,544.9 out of 5 Stars. 54 reviews
CAP Barbell Premium Home Gym Equipment Mat ,$34.99current price $34.99,153.8 out of 5 Stars. 15 reviews
"SELLCLUB Multi-Purpose Sit Up Bench Utility Weight Bench Adjustable Bench Back Extension Incline Bench Full Body Strength Training, Ab & Core Trainers Home Gym Exercise Equipment ",$115.42current price $115.42$173.13was $173.13,21 out of 5 Stars. 2 reviews
Adidas Sports Rig Versatile Strength Trainer Home Gym Exercise Equipment Machine ,$419.99current price $419.99$469.99was $469.99,104.2 out of 5 Stars. 10 reviews
"CITYBIRDS Sports royals Power Tower Dip Station Pull Up Bar for Home Gym Strength Training Workout Equipment, 400 Lbs. ",$147.99current price $147.99$199.99was $199.99,123.5 out of 5 Stars. 12 reviews
"EBTOOLS Step Machine for Exercise, Adjustable Workout Stepper Machine 220 Lbs. Folding Twist Stair Stepper with Handle Bar and LCD Monitor for Home Gym Office Health Fitness Equipment ",$100.99current price $100.99$168.32was $168.32,65 out of 5 Stars. 6 reviews
66.36 lb Adjustable Gym Dumbbell Fitness Exercise Equipment Black ,From $79.99,34 out of 5 Stars. 3 reviews
"Sunny Health & Fitness Power Zone Power Rack, Home Gym Station Power Cage, Strength Exercise Equipment, SF-XF9925 ",From $32.99,414.5 out of 5 Stars. 41 reviews
"OUSGAR Ab Workout Machine,Core Abs Exercise Equipment for Home Gym,Adjustable Sit Up Bench Strength Training Abdominal Cruncher,Foldable Core Workout Machine with Resistance Bands&LCD Display ",From $89.92,53.4 out of 5 Stars. 5 reviews
"Pixnor Hexagonal Rubberized Dumbbells Set - Gym Equipment Workouts Strength Training Free Weights for Women, Men - 17 Lb. ",$94.99current price $94.99$129.99was $129.99,1463.6 out of 5 Stars. 146 reviews
Plasma Fit Elliptical Machine Cross Trainer 2 in 1 Exercise Bike Cardio Fitness Home Gym Equipment ,$123.99current price $123.99,134.3 out of 5 Stars. 13 reviews
"Ainfox Exercise Dumbbells Set, Adjustable Weight 22/33/44/55/66/88LBS Strength Training Equipment Barbell for Home Gym ",From $38.99,15 out of 5 Stars. 1 reviews
"Multi-Function Power Tower Barbell Rack Dip Station Pull Up Bar Adjustable Home Gym Strength Training Workout Equipment, Max Load 400 LBS ",$119.69current price $119.69,44.8 out of 5 Stars. 4 reviews
"SKONYON 66 lbs Dumbbells Set, Adjustable Weights Solid Steel Dumbbells Pair for Adults Home Fitness Equipment Gym ",$115.00current price $115.00,323.5 out of 5 Stars. 32 reviews
"FitIndex Portable Home Gym - Exercise Equipment with Resistance Bands Bar, Muscle Build Workout Equipment for Men/Women, Full-Body Fitness Equipment for Indoor/Outdoor/Travel ",$254.99current price $254.99$395.99was $395.99,43.5 out of 5 Stars. 4 reviews
"Soozier Home Gym Power Tower with Bench and Punching Bag, Multi-Function Adjustable Dip Sit up Workout Station Equipment Heavy Duty for Home ",$19.97current price $19.97,15564.6 out of 5 Stars. 1556 reviews
Fitit 1/2 In. Extra Thick EVA Foam Mat with Interlocking Tiles 24 Square Feet ,$217.00current price $217.00,3313.9 out of 5 Stars. 331 reviews
"Sunny Health Fitness Magnetic Elliptical Bike Cross Trainer Machine Stepper, Home Gym Cardio Workout Exercise Equipment, SF-E905 ",$83.90current price $83.90,444.6 out of 5 Stars. 44 reviews
"Zimtown Ab Crunch Machine,5 Minute Shaper, Adjustable Abdominal/Tummy Exercise Equipment, Ab Core Cruncher/Glider Trainer with LCD Display for Home Gym Muscle Build Fitness Workout ",From $229.95,684.7 out of 5 Stars. 68 reviews
SINGES 2.25HP Foldable Electric Treadmill Family Treadmill with LCD Display and Pad Holder Motorized Running Jogging Machine Easy Assembly Fitness Exercise Equipment for Home Gym Office ,$109.00current price $109.00,204.8 out of 5 Stars. 20 reviews
X Factor 3-in-1 Padded Push Up Sit Up Deep Sissy Squat Machine Home Gym Fitness Equipment AB Workout Adjustable ,$69.99current price $69.99$104.98was $104.98,64.7 out of 5 Stars. 6 reviews
Bestgoods 40 In.-65 In. Rack Squat Rack Barbell Dumbbell Gym Press Squat Press Stand Fitness Press Equipment Home Gym ,$52.99current price $52.99$88.30was $88.30,753.9 out of 5 Stars. 75 reviews
ZenStyle Weight Bench Strength Flat Exercise Workout Bench Home Professional Gym Fitness Equipment ,$19.86current price $19.86,
"Abs Stimulator Ultimate Muscle Toner with 16 Extra Gel Pads, EMS Abdominal Toning Belt for Men and Women, Arm and Leg Trainer, Office, Home Gym Fitness Equipment ",,
